UF,Mesorregião Geográfica,CD_Mun,Cidade,Zona,SELL OUT ANUAL,SELL OUT MÊS,POTENCIAL ANUAL,POTENCIAL MÊS,POPULAÇÃO ,PDV,%SHARE,Share_Calculado
PE,Metropolitana de Recife,2600054,Abreu e Lima,Região Metroplitana Litoral,29700,2475.0,235984.5,19665.375,104248,104.248,0.1258557235750653,12.58557235750653
PE,Sertão Pernambucano,2600104,Afogados da Ingazeira,Zona Serra Talhada,66540,5545.0,101805.0,8483.75,42672,42.672,0.6536024753204656,65.36024753204656
PE,São Francisco Pernambucano,2600203,Afrânio,Zona Petrolina,5991,499.25,26103.0,2175.25,19409,19.409,0.2295138489828755,22.951384898287554
PE,Agreste Pernambucano,2600302,Agrestina,Zona Garanhus,6564,547.0,39352.5,3279.375,24680,24.68,0.1668000762340385,16.68000762340385
PE,Mata Pernambucana,2600401,água Preta,Região Metroplitana Oeste,1560,130.0,27474.0,2289.5,26981,26.981,0.0567809565407294,5.678095654072942
PE,Agreste Pernambucano,2600500,águas Belas,Zona Arco Verde,8553,712.75,45477.0,3789.75,43822,43.822,0.188073091892605,18.807309189260504
PE,Agreste Pernambucano,2600609,Alagoinha,Zona Arco Verde,0,0.0,16776.0,1398.0,14460,14.46,0.0,0.0
PE,Mata Pernambucana,2600708,Aliança,Região Metroplitana Norte,2694,224.5,43156.5,3596.375,37349,37.349,0.0624239685794723,6.242396857947238
PE,Agreste Pernambucano,2600807,Altinho,Zona Garanhus,4818,401.5,23671.5,1972.625,21134,21.134,0.2035358975983777,20.353589759837778
PE,Mata Pernambucana,2600906,Amaraji,Região Metroplitana Oeste,3678,306.5,19188.0,1599.0,18335,18.335,0.191682301438399,19.1682301438399
PE,Agreste Pernambucano,2601003,Angelim,Zona Garanhus,1146,95.5,11344.5,945.375,10591,10.591,0.1010181145048261,10.101811450482613
PE,Metropolitana de Recife,2601052,Aracoiaba,Região Metroplitana Norte,1938,161.5,17902.5,1491.875,19996,19.996,0.1082530372852953,10.825303728529535
PE,Sertão Pernambucano,2601102,Araripina,Zona Araripina,35436,2953.0,161556.0,13463.0,90504,90.504,0.2193419000222833,21.93419000222833
PE,Sertão Pernambucano,2601201,Arcoverde,Zona Arco Verde,25767,2147.25,159135.0,13261.25,82487,82.487,0.1619191252709963,16.191912527099632
PE,Agreste Pernambucano,2601300,Barra de Guabiraba,Zona Garanhus,1542,128.5,12271.5,1022.625,12601,12.601,0.125657010145459,12.5657010145459
PE,Mata Pernambucana,2601409,Barreiros,Região Metroplitana Oeste,7950,662.5,50940.0,4245.0,42083,42.083,0.1560659599528857,15.606595995288576
PE,Mata Pernambucana,2601508,Belém de Maria,Região Metroplitana Oeste,108,9.0,11295.0,941.25,10798,10.798,0.0095617529880478,0.9561752988047808
PE,São Francisco Pernambucano,2601607,Belém do São Francisco,Zona Serra Talhada,534,44.5,24076.5,2006.375,18648,18.648,0.0221793034701887,2.2179303470188776
PE,Agreste Pernambucano,2601706,Belo Jardim,Zona Arcoverde,26064,2172.0,146902.5,12241.875,84033,84.033,0.1774238015009955,17.742380150099557
PE,Sertão Pernambucano,2601805,Betânia,Zona Serra Talhada,612,51.0,15358.5,1279.875,11961,11.961,0.0398476413712276,3.984764137122766
PE,Agreste Pernambucano,2601904,Bezerros,Caruaru Norte,26451,2204.25,125599.5,10466.625,65007,65.007,0.2105979721256852,21.05979721256852
PE,Sertão Pernambucano,2602001,Bodocó,Zona Araripina,2631,219.25,47349.0,3945.75,36145,36.145,0.055566115440664,5.5566115440664
PE,Agreste Pernambucano,2602100,Bom Conselho,Zona Garanhus,13401,1116.75,65595.0,5466.25,46202,46.202,0.2042991081637319,20.429910816373198
PE,Agreste Pernambucano,2602209,Bom Jardim,Região Metroplitana Norte,26418,2201.5,57108.0,4759.0,39289,39.289,0.4625971842824122,46.25971842824123
PE,Agreste Pernambucano,2602308,Bonito,Zona Garanhus,7476,623.0,47136.0,3928.0,39212,39.212,0.1586048879837067,15.860488798370673
PE,Agreste Pernambucano,2602407,Brejão,Zona Garanhus,0,0.0,9298.5,774.875,9417,9.417,0.0,0.0
PE,Sertão Pernambucano,2602506,Brejinho,Zona Serra Talhada,468,39.0,8827.5,735.625,8033,8.033,0.0530161427357689,5.301614273576891
PE,Agreste Pernambucano,2602605,Brejo da Madre de Deus,Caruaru Norte,10395,866.25,62118.0,5176.5,51308,51.308,0.1673427991886409,16.734279918864097
PE,Mata Pernambucana,2602704,Buenos Aires,Região Metroplitana Norte,0,0.0,14605.5,1217.125,13276,13.276,0.0,0.0
PE,Agreste Pernambucano,2602803,Buíque,Zona Arco Verde,9084,757.0,45406.5,3783.875,53489,53.489,0.2000594628522348,20.00594628522348
PE,Metropolitana de Recife,2602902,Cabo de Santo Agostinho,Região Metroplitana Sul,49488,4124.0,395878.5,32989.875,218049,218.049,0.1250080517128361,12.500805171283613
PE,São Francisco Pernambucano,2603009,Cabrobó,Zona Araripina,3672,306.0,53823.0,4485.25,31762,31.762,0.0682236218716905,6.822362187169054
PE,Agreste Pernambucano,2603108,Cachoeirinha,Zona Arcoverde,10632,886.0,33153.0,2762.75,20673,20.673,0.3206949597321509,32.0694959732151
PE,Agreste Pernambucano,2603207,Caetés,Zona Garanhus,3690,307.5,28309.5,2359.125,30571,30.571,0.13034493721189,13.034493721189
PE,Agreste Pernambucano,2603306,Calçado,Zona Garanhus,504,42.0,15372.0,1281.0,11453,11.453,0.0327868852459016,3.278688524590164
PE,Sertão Pernambucano,2603405,Calumbi,Zona Serra Talhada,1140,95.0,9100.5,758.375,5354,5.354,0.1252678424262403,12.52678424262403
PE,Metropolitana de Recife,2603454,Camaragibe,Região Metroplitana Litoral,35862,2988.5,367354.5,30612.875,156112,156.112,0.0976223239404989,9.76223239404989
PE,Agreste Pernambucano,2603504,Camocim de São Félix,Zona Garanhus,1686,140.5,21939.0,1828.25,18018,18.018,0.0768494461917133,7.684944619171338
PE,Mata Pernambucana,2603603,Camutanga,Região Metroplitana Norte,1770,147.5,10707.0,892.25,7962,7.962,0.1653124124404595,16.53124124404595
PE,Agreste Pernambucano,2603702,Canhotinho,Zona Garanhus,6234,519.5,30367.5,2530.625,25103,25.103,0.2052852556186712,20.528525561867127
PE,Agreste Pernambucano,2603801,Capoeiras,Zona Arcoverde,3318,276.5,21159.0,1763.25,18854,18.854,0.1568127038139798,15.681270381397985
PE,Sertão Pernambucano,2603900,Carnaíba,Zona Serra Talhada,9336,778.0,26493.0,2207.75,19533,19.533,0.3523949722568225,35.23949722568226
PE,São Francisco Pernambucano,2603926,Carnaubeira da Penha,Zona Serra Talhada,324,27.0,8343.0,695.25,12712,12.712,0.0388349514563106,3.8834951456310676
PE,Mata Pernambucana,2604007,Carpina,Região Metroplitana Norte,29355,2446.25,164776.5,13731.375,83482,83.482,0.178150403728687,17.815040372868705
PE,Agreste Pernambucano,2604106,Caruaru,Zona Caruaru,153384,12782.0,1105335.0,92111.25,405408,405.408,0.1387669801462905,13.87669801462905
PE,Agreste Pernambucano,2604155,Casinhas,Caruaru Norte,0,0.0,17440.5,1453.375,13468,13.468,0.0,0.0
PE,Mata Pernambucana,2604205,Catende,Região Metroplitana Oeste,2586,215.5,44077.5,3673.125,33086,33.086,0.0586693891441211,5.866938914412115
PE,Sertão Pernambucano,2604304,Cedro,Zona Araripina,360,30.0,14301.0,1191.75,10843,10.843,0.0251730648206419,2.5173064820641913
PE,Mata Pernambucana,2604403,Chã de Alegria,Região Metroplitana Oeste,4818,401.5,11812.5,984.375,13496,13.496,0.4078730158730159,40.78730158730159
PE,Mata Pernambucana,2604502,Chã Grande,Região Metroplitana Oeste,7482,623.5,32824.5,2735.375,21258,21.258,0.2279394964127404,22.793949641274047
PE,Mata Pernambucana,2604601,Condado,Região Metroplitana Norte,2724,227.0,35527.5,2960.625,25416,25.416,0.0766729997888959,7.667299978889592
PE,Agreste Pernambucano,2604700,Correntes,Zona Garanhus,792,66.0,15282.0,1273.5,17670,17.67,0.0518256772673733,5.1825677267373385
PE,Mata Pernambucana,2604809,Cortês,Região Metroplitana Oeste,5487,457.25,10609.5,884.125,10426,10.426,0.5171780008482963,51.71780008482963
PE,Agreste Pernambucano,2604908,Cumaru,Região Metroplitana Norte,324,27.0,19971.0,1664.25,16215,16.215,0.0162235241099594,1.622352410995944
PE,Agreste Pernambucano,2605004,Cupira,Zona Garanhus,1374,114.5,44980.5,3748.375,24343,24.343,0.0305465701804115,3.054657018041151
PE,Sertão Pernambucano,2605103,Custódia,Zona Arco Verde,6948,579.0,60918.0,5076.5,39609,39.609,0.1140549591253816,11.405495912538166
PE,São Francisco Pernambucano,2605152,Dormentes,Zona Petrolina,6651,554.25,25186.5,2098.875,17850,17.85,0.2640700375201,26.407003752010006
PE,Mata Pernambucana,2605202,Escada,Região Metroplitana Oeste,13329,1110.75,137575.5,11464.625,62174,62.174,0.0968849831547041,9.688498315470415
PE,Sertão Pernambucano,2605301,Exu,Zona Araripina,4542,378.5,47053.5,3921.125,33486,33.486,0.0965284197774873,9.652841977748732
PE,Agreste Pernambucano,2605400,Feira Nova,Região Metroplitana Norte,70446,5870.5,40110.0,3342.5,22222,22.222,1.756320119670905,175.6320119670905
PE,Metropolitana de Recife,2605459,Fernando de Noronha,Região Metroplitana Norte,0,0.0,6741.0,561.75,3341,3.341,0.0,0.0
PE,Mata Pernambucana,2605509,Ferreiros,Região Metroplitana Norte,948,79.0,16558.5,1379.875,15955,15.955,0.0572515626415436,5.725156264154362
PE,Sertão Pernambucano,2605608,Flores,Zona Serra Talhada,1944,162.0,28540.5,2378.375,20776,20.776,0.0681137331160981,6.8113733116098185
PE,São Francisco Pernambucano,2605707,Floresta,Zona Serra Talhada,8616,718.0,45981.0,3831.75,31702,31.702,0.187381744633653,18.738174463365304
PE,Agreste Pernambucano,2605806,Frei Miguelinho,Caruaru Norte,2922,243.5,21805.5,1817.125,14055,14.055,0.1340028891793354,13.400288917933548
PE,Mata Pernambucana,2605905,Gameleira,Região Metroplitana Oeste,2898,241.5,18606.0,1550.5,17583,17.583,0.1557562076749435,15.575620767494355
PE,Agreste Pernambucano,2606002,Garanhuns,Zona Garanhus,32199,2683.25,325086.0,27090.5,151803,151.803,0.0990476366253852,9.904763662538528
PE,Mata Pernambucana,2606101,Glória do Goitá,Região Metroplitana Oeste,4680,390.0,34098.0,2841.5,30420,30.42,0.1372514516980468,13.725145169804682
PE,Mata Pernambucana,2606200,Goiana,Região Metroplitana Norte,3360,280.0,153003.0,12750.25,85497,85.497,0.0219603537185545,2.1960353718554537
PE,Sertão Pernambucano,2606309,Granito,Zona Araripina,642,53.5,8244.0,687.0,7217,7.217,0.0778748180494905,7.787481804949054
PE,Agreste Pernambucano,2606408,Gravatá,Caruaru Norte,28605,2383.75,171792.0,14316.0,92429,92.429,0.1665094998602961,16.650949986029616
PE,Agreste Pernambucano,2606507,Iati,Zona Arco Verde,2550,212.5,14865.0,1238.75,17570,17.57,0.1715438950554995,17.15438950554995
PE,Sertão Pernambucano,2606606,Ibimirim,Zona Arco Verde,1362,113.5,32620.5,2718.375,28825,28.825,0.0417528854554651,4.175288545546512
PE,Agreste Pernambucano,2606705,Ibirajuba,Zona Garanhus,0,0.0,8025.0,668.75,7334,7.334,0.0,0.0
PE,Metropolitana de Recife,2606804,Igarassu,Região Metroplitana Norte,18735,1561.25,213210.0,17767.5,123017,123.017,0.0878711129871957,8.787111298719573
PE,Sertão Pernambucano,2606903,Iguaraci,Zona Serra Talhada,3120,260.0,13600.5,1133.375,11347,11.347,0.2294033307598985,22.94033307598985
PE,Metropolitana de Recife,2607604,Ilha de Itamaracá,Região Metroplitana Norte,2406,200.5,31986.0,2665.5,25658,25.658,0.0752204089289064,7.52204089289064
PE,Sertão Pernambucano,2607000,Inajá,Zona Arco Verde,3510,292.5,15600.0,1300.0,27758,27.758,0.225,22.5
PE,Sertão Pernambucano,2607109,Ingazeira,Zona Serra Talhada,2304,192.0,5247.0,437.25,4975,4.975,0.4391080617495712,43.910806174957116
PE,Metropolitana de Recife,2607208,Ipojuca,Região Metroplitana Sul,22170,1847.5,125278.5,10439.875,106539,106.539,0.1769657203750045,17.69657203750045
PE,Sertão Pernambucano,2607307,Ipubi,Zona Araripina,2514,209.5,35305.5,2942.125,30720,30.72,0.0712070357309767,7.120703573097675
PE,São Francisco Pernambucano,2607406,Itacuruba,Zona Serra Talhada,0,0.0,4072.5,339.375,4491,4.491,0.0,0.0
PE,Agreste Pernambucano,2607505,Itaíba,Zona Arco Verde,1974,164.5,29700.0,2475.0,33995,33.995,0.0664646464646464,6.646464646464646
PE,Mata Pernambucana,2607653,Itambé,Região Metroplitana Norte,22878,1906.5,75414.0,6284.5,36652,36.652,0.3033654228657809,30.336542286578087
PE,Sertão Pernambucano,2607703,Itapetim,Zona Serra Talhada,3708,309.0,19668.0,1639.0,14236,14.236,0.1885295912141549,18.8529591214155
PE,Metropolitana de Recife,2607752,Itapissuma,Região Metroplitana Norte,1548,129.0,28419.0,2368.25,29669,29.669,0.0544706006544917,5.447060065449171
PE,Mata Pernambucana,2607802,Itaquitinga,Região Metroplitana Norte,144,12.0,15630.0,1302.5,17142,17.142,0.0092130518234165,0.9213051823416507
PE,Metropolitana de Recife,2607901,Jaboatão dos Guararapes,Região Metroplitana Sul,189051,15754.25,1572649.5,131054.125,684293,684.293,0.1202117827271747,12.021178272717474
PE,Mata Pernambucana,2607950,Jaqueira,Região Metroplitana Oeste,684,57.0,9463.5,788.625,10440,10.44,0.0722776985259153,7.2277698525915355
PE,Agreste Pernambucano,2608008,Jataúba,Caruaru Norte,2586,215.5,17418.0,1451.5,16328,16.328,0.1484671029968997,14.846710299689974
PE,São Francisco Pernambucano,2608057,Jatobá,Zona Serra Talhada,3840,320.0,12070.5,1005.875,14477,14.477,0.3181309804896234,31.813098048962345
PE,Agreste Pernambucano,2608107,João Alfredo,Região Metroplitana Norte,16710,1392.5,35665.5,2972.125,28842,28.842,0.4685199983177019,46.8519998317702
PE,Mata Pernambucana,2608206,Joaquim Nabuco,Região Metroplitana Oeste,144,12.0,13219.5,1101.625,13416,13.416,0.0108929989787813,1.0892998978781345
PE,Agreste Pernambucano,2608255,Jucati,Zona Garanhus,0,0.0,14427.0,1202.25,12023,12.023,0.0,0.0
PE,Agreste Pernambucano,2608305,Jupi,Zona Garanhus,2898,241.5,24682.5,2056.875,16022,16.022,0.1174111212397447,11.741112123974476
PE,Agreste Pernambucano,2608404,Jurema,Zona Garanhus,3933,327.75,14569.5,1214.125,14002,14.002,0.2699474930505508,26.994749305055084
PE,Mata Pernambucana,2608503,Lagoa do Itaenga,Região Metroplitana Norte,3930,327.5,28224.0,2352.0,19863,19.863,0.1392431972789115,13.924319727891158
PE,Mata Pernambucana,2608453,Lagoa do Carro,Região Metroplitana Norte,5550,462.5,17790.0,1482.5,18804,18.804,0.311973018549747,31.197301854974707
PE,Agreste Pernambucano,2608602,Lagoa do Ouro,Zona Garanhus,2214,184.5,13102.5,1091.875,12367,12.367,0.1689753863766457,16.89753863766457
PE,Agreste Pernambucano,2608701,Lagoa dos Gatos,Zona Garanhus,396,33.0,17101.5,1425.125,14333,14.333,0.0231558635207437,2.3155863520743796
PE,São Francisco Pernambucano,2608750,Lagoa Grande,Zona Petrolina,2358,196.5,23718.0,1976.5,24951,24.951,0.0994181634201872,9.94181634201872
PE,Agreste Pernambucano,2608800,Lajedo,Zona Garanhus,17181,1431.75,88417.5,7368.125,41960,41.96,0.1943167359402833,19.431673594028332
PE,Agreste Pernambucano,2608909,Limoeiro,Região Metroplitana Norte,14574,1214.5,100129.5,8344.125,59236,59.236,0.1455515107935223,14.555151079352239
PE,Mata Pernambucana,2609006,Macaparana,Região Metroplitana Norte,2934,244.5,42661.5,3555.125,24642,24.642,0.0687739530958827,6.8773953095882705
PE,Agreste Pernambucano,2609105,Machados,Região Metroplitana Norte,2694,224.5,18093.0,1507.75,11387,11.387,0.14889736362129,14.889736362129
PE,Sertão Pernambucano,2609154,Manari,Zona Arco Verde,2256,188.0,12208.5,1017.375,27046,27.046,0.18478928615309,18.478928615309005
PE,Mata Pernambucana,2609204,Maraial,Região Metroplitana Oeste,0,0.0,10302.0,858.5,9322,9.322,0.0,0.0
PE,Sertão Pernambucano,2609303,Mirandiba,Zona Serra Talhada,1125,93.75,14977.5,1248.125,14605,14.605,0.0751126690035052,7.511266900350526
PE,Sertão Pernambucano,2614303,Moreilândia,Zona Araripina,0,0.0,9960.0,830.0,10839,10.839,0.0,0.0
PE,Metropolitana de Recife,2609402,Moreno,Região Metroplitana Sul,17499,1458.25,134544.0,11212.0,57654,57.654,0.1300615412058508,13.006154120585087
PE,Mata Pernambucana,2609501,Nazaré da Mata,Região Metroplitana Norte,10608,884.0,44190.0,3682.5,32187,32.187,0.2400543109300746,24.005431093007466
PE,Metropolitana de Recife,2609600,Olinda,Região Metroplitana Litoral,94779,7898.25,1161594.0,96799.5,364717,364.717,0.0815939131917003,8.159391319170037
PE,Agreste Pernambucano,2609709,Orobó,Região Metroplitana Norte,10311,859.25,34452.0,2871.0,22412,22.412,0.2992859630790665,29.928596307906652
PE,São Francisco Pernambucano,2609808,Orocó,Zona Araripina,1770,147.5,17901.0,1491.75,14129,14.129,0.0988771577006871,9.887715770068711
PE,Sertão Pernambucano,2609907,Ouricuri,Zona Araripina,9480,790.0,121822.5,10151.875,68489,68.489,0.0778181370436495,7.781813704364956
PE,Mata Pernambucana,2610004,Palmares,Região Metroplitana Oeste,30786,2565.5,115134.0,9594.5,56475,56.475,0.267392777111887,26.739277711188702
PE,Agreste Pernambucano,2610103,Palmeirina,Zona Garanhus,648,54.0,7519.5,626.625,7104,7.104,0.0861759425493716,8.617594254937163
PE,Agreste Pernambucano,2610202,Panelas,Zona Garanhus,1206,100.5,23508.0,1959.0,23337,23.337,0.0513016845329249,5.130168453292496
PE,Agreste Pernambucano,2610301,Paranatama,Zona Garanhus,2598,216.5,14449.5,1204.125,12778,12.778,0.1797986089484065,17.97986089484065
PE,Sertão Pernambucano,2610400,Parnamirim,Zona Araripina,2394,199.5,27283.5,2273.625,18960,18.96,0.0877453405904667,8.774534059046676
PE,Agreste Pernambucano,2610509,Passira,Região Metroplitana Norte,5052,421.0,37398.0,3116.5,29744,29.744,0.1350874378309,13.508743783090004
PE,Mata Pernambucana,2610608,Paudalho,Região Metroplitana Norte,16686,1390.5,109431.0,9119.25,59924,59.924,0.1524796447076239,15.247964470762398
PE,Metropolitana de Recife,2610707,Paulista,Região Metroplitana Litoral,40629,3385.75,825829.5,68819.125,365144,365.144,0.0491978065690315,4.91978065690315
PE,Agreste Pernambucano,2610806,Pedra,Zona Arco Verde,4467,372.25,20212.5,1684.375,23671,23.671,0.2210018552875695,22.100185528756956
PE,Agreste Pernambucano,2610905,Pesqueira,Zona Arco Verde,10977,914.75,105796.5,8816.375,65481,65.481,0.1037557953240419,10.375579532404192
PE,São Francisco Pernambucano,2611002,Petrolândia,Zona Serra Talhada,11580,965.0,51081.0,4256.75,36104,36.104,0.2266987725377341,22.669877253773418
PE,São Francisco Pernambucano,2611101,Petrolina,Zona Petrolina,59727,4977.25,943660.5,78638.375,418444,418.444,0.0632928897627907,6.329288976279075
PE,Agreste Pernambucano,2611200,Poção,Zona Arco Verde,0,0.0,20283.0,1690.25,10792,10.792,0.0,0.0
PE,Mata Pernambucana,2611309,Pombos,Região Metroplitana Oeste,42456,3538.0,38100.0,3175.0,26942,26.942,1.1143307086614174,111.43307086614173
PE,Mata Pernambucana,2611408,Primavera,Região Metroplitana Oeste,1113,92.75,9883.5,823.625,14380,14.38,0.1126119289725299,11.261192897252997
PE,Mata Pernambucana,2611507,Quipapá,Região Metroplitana Oeste,6990,582.5,15132.0,1261.0,17731,17.731,0.4619349722442506,46.19349722442506
PE,Sertão Pernambucano,2611533,Quixaba,Zona Serra Talhada,1566,130.5,15406.5,1283.875,6753,6.753,0.1016454094051212,10.164540940512122
PE,Metropolitana de Recife,2611606,Recife,Zona Recife,303756,25313.0,5244477.0,437039.75,1588376,1588.376,0.0579192167302859,5.791921673028598
PE,Agreste Pernambucano,2611705,Riacho das Almas,Caruaru Norte,4794,399.5,34684.5,2890.375,21490,21.49,0.138217359339186,13.821735933918609
PE,Mata Pernambucana,2611804,Ribeirão,Região Metroplitana Oeste,12504,1042.0,53625.0,4468.75,33843,33.843,0.2331748251748251,23.317482517482517
PE,Mata Pernambucana,2611903,Rio Formoso,Região Metroplitana Oeste,2568,214.0,24778.5,2064.875,20388,20.388,0.1036382347599733,10.363823475997336
PE,Agreste Pernambucano,2612000,Sairé,Zona Garanhus,504,42.0,13246.5,1103.875,11213,11.213,0.0380477862076775,3.80477862076775
PE,Agreste Pernambucano,2612109,Salgadinho,Região Metroplitana Norte,294,24.5,5205.0,433.75,5478,5.478,0.0564841498559077,5.648414985590778
PE,Sertão Pernambucano,2612208,Salgueiro,Zona Araripina,18168,1514.0,137323.5,11443.625,65946,65.946,0.1323007351254519,13.230073512545196
PE,Agreste Pernambucano,2612307,Saloá,Zona Garanhus,936,78.0,15876.0,1323.0,14125,14.125,0.0589569160997732,5.895691609977324
PE,Agreste Pernambucano,2612406,Sanharó,Zona Arcoverde,1230,102.5,26050.5,2170.875,18812,18.812,0.0472159843381125,4.721598433811251
PE,Sertão Pernambucano,2612455,Santa Cruz,Zona Araripina,1524,127.0,15880.5,1323.375,14342,14.342,0.0959667516765844,9.596675167658448
PE,Sertão Pernambucano,2612471,Santa Cruz da Baixa Verde,Zona Serra Talhada,5628,469.0,20538.0,1711.5,11934,11.934,0.2740286298568507,27.402862985685072
PE,Agreste Pernambucano,2612505,Santa Cruz do Capibaribe,Caruaru Norte,36906,3075.5,254919.0,21243.25,104854,104.854,0.1447753992444659,14.477539924446589
PE,Sertão Pernambucano,2612554,Santa Filomena,Zona Araripina,0,0.0,13039.5,1086.625,12360,12.36,0.0,0.0
PE,São Francisco Pernambucano,2612604,Santa Maria da Boa Vista,Zona Petrolina,4056,338.0,51688.5,4307.375,42782,42.782,0.0784700658753881,7.847006587538814
PE,Agreste Pernambucano,2612703,Santa Maria do Cambucá,Caruaru Norte,4086,340.5,19321.5,1610.125,14586,14.586,0.2114742644204642,21.147426442046424
PE,Sertão Pernambucano,2612802,Santa Terezinha,Zona Serra Talhada,3594,299.5,13678.5,1139.875,10487,10.487,0.2627481083452133,26.27481083452133
PE,Mata Pernambucana,2612901,São Benedito do Sul,Região Metroplitana Oeste,324,27.0,7560.0,630.0,13456,13.456,0.0428571428571428,4.285714285714286
PE,Agreste Pernambucano,2613008,São Bento do Una,Zona Arcoverde,27906,2325.5,74253.0,6187.75,51165,51.165,0.3758231990626641,37.58231990626641
PE,Agreste Pernambucano,2613107,São Caitano,Zona Arcoverde,7200,600.0,58587.0,4882.25,39243,39.243,0.1228941574069332,12.289415740693329
PE,Agreste Pernambucano,2613206,São João,Zona Garanhus,1890,157.5,24877.5,2073.125,24895,24.895,0.0759722640940609,7.5972264094060895
PE,Agreste Pernambucano,2613305,São Joaquim do Monte,Zona Garanhus,648,54.0,21265.5,1772.125,20438,20.438,0.030471891091204,3.0471891091204064
PE,Mata Pernambucana,2613404,São José da Coroa Grande,Região Metroplitana Oeste,2664,222.0,19639.5,1636.625,19511,19.511,0.1356450011456503,13.564500114565034
PE,Sertão Pernambucano,2613503,São José do Belmonte,Zona Serra Talhada,3354,279.5,51187.5,4265.625,36890,36.89,0.0655238095238095,6.552380952380952
PE,Sertão Pernambucano,2613602,São José do Egito,Zona Serra Talhada,9180,765.0,70714.5,5892.875,32508,32.508,0.1298177884309441,12.981778843094416
PE,Metropolitana de Recife,2613701,São Lourenço da Mata,Região Metroplitana Litoral,24852,2071.0,193600.5,16133.375,118258,118.258,0.1283674370675695,12.836743706756955
PE,Agreste Pernambucano,2613800,São Vicente Ferrer,Região Metroplitana Norte,7146,595.5,23310.0,1942.5,17177,17.177,0.3065637065637066,30.656370656370658
PE,Sertão Pernambucano,2613909,Serra Talhada,Zona Serra Talhada,36342,3028.5,202033.5,16836.125,98816,98.816,0.1798810593292696,17.988105932926963
PE,Sertão Pernambucano,2614006,Serrita,Zona Araripina,144,12.0,17329.5,1444.125,18764,18.764,0.0083095299922098,0.8309529992209815
PE,Sertão Pernambucano,2614105,Sertânia,Zona Arco Verde,9996,833.0,88218.0,7351.5,34271,34.271,0.1133102088009249,11.331020880092497
PE,Mata Pernambucana,2614204,Sirinhaém,Região Metroplitana Oeste,4614,384.5,38007.0,3167.25,39171,39.171,0.1213986897150525,12.13986897150525
PE,Sertão Pernambucano,2614402,Solidão,Zona Serra Talhada,3090,257.5,5874.0,489.5,5386,5.386,0.526046986721144,52.6046986721144
PE,Agreste Pernambucano,2614501,Surubim,Caruaru Norte,44088,3674.0,134127.0,11177.25,67821,67.821,0.3287033930528529,32.87033930528529
PE,Sertão Pernambucano,2614600,Tabira,Zona Serra Talhada,33186,2765.5,64528.5,5377.375,29180,29.18,0.5142843859689904,51.42843859689904
PE,Agreste Pernambucano,2614709,Tacaimbó,Zona Arcoverde,396,33.0,16894.5,1407.875,14330,14.33,0.0234395809287046,2.343958092870461
PE,São Francisco Pernambucano,2614808,Tacaratu,Zona Serra Talhada,1833,152.75,15238.5,1269.875,24898,24.898,0.1202874298651442,12.028742986514422
PE,Mata Pernambucana,2614857,Tamandaré,Região Metroplitana Oeste,2022,168.5,24292.5,2024.375,24670,24.67,0.0832355665328805,8.323556653288051
PE,Agreste Pernambucano,2615003,Taquaritinga do Norte,Caruaru Norte,11973,997.75,46843.5,3903.625,25511,25.511,0.2555957603509558,25.55957603509558
PE,Agreste Pernambucano,2615102,Terezinha,Zona Garanhus,0,0.0,8947.5,745.625,6853,6.853,0.0,0.0
PE,São Francisco Pernambucano,2615201,Terra Nova,Zona Araripina,1254,104.5,13827.0,1152.25,9231,9.231,0.0906921241050119,9.069212410501192
PE,Mata Pernambucana,2615300,Timbaúba,Região Metroplitana Norte,16074,1339.5,137761.5,11480.125,47312,47.312,0.1166799141995405,11.66799141995405
PE,Agreste Pernambucano,2615409,Toritama,Caruaru Norte,6612,551.0,80506.5,6708.875,43921,43.921,0.0821300143466676,8.213001434666765
PE,Mata Pernambucana,2615508,Tracunhaém,Região Metroplitana Norte,9288,774.0,13176.0,1098.0,14439,14.439,0.7049180327868853,70.49180327868852
PE,Sertão Pernambucano,2615607,Trindade,Zona Araripina,7680,640.0,49699.5,4141.625,32257,32.257,0.1545287175927323,15.452871759273231
PE,Sertão Pernambucano,2615706,Triunfo,Zona Serra Talhada,1212,101.0,37117.5,3093.125,15141,15.141,0.0326530612244898,3.2653061224489797
PE,Agreste Pernambucano,2615805,Tupanatinga,Zona Arco Verde,7056,588.0,23910.0,1992.5,28141,28.141,0.2951066499372647,29.510664993726476
PE,Sertão Pernambucano,2615904,Tuparetama,Zona Serra Talhada,2766,230.5,19404.0,1617.0,8261,8.261,0.1425479282622139,14.254792826221397
PE,Agreste Pernambucano,2616001,Venturosa,Zona Arco Verde,900,75.0,17997.0,1499.75,17563,17.563,0.0500083347224537,5.0008334722453744
PE,Sertão Pernambucano,2616100,Verdejante,Zona Araripina,255,21.25,11260.5,938.375,9483,9.483,0.0226455308378846,2.264553083788464
PE,Agreste Pernambucano,2616183,Vertente do Lério,Caruaru Norte,2958,246.5,15397.5,1283.125,7776,7.776,0.1921091086215294,19.210910862152947
PE,Agreste Pernambucano,2616209,Vertentes,Caruaru Norte,1080,90.0,29202.0,2433.5,23127,23.127,0.0369837682350523,3.6983768235052397
PE,Mata Pernambucana,2616308,Vicência,Região Metroplitana Norte,4773,397.75,38871.0,3239.25,27151,27.151,0.1227907694682411,12.27907694682411
PE,Mata Pernambucana,2616407,Vitória de Santo Antão,Região Metroplitana Oeste,76752,6396.0,282543.0,23545.25,144243,144.243,0.2716471475138297,27.164714751382974
PE,Mata Pernambucana,2616506,Xexéu,Região Metroplitana Oeste,1635,136.25,12136.5,1011.375,11699,11.699,0.1347175874428377,13.471758744283772
